{
  "suit.vibration.loop": {
    "category": "player",
    "sounds": [
      "suit/speedster/vibration_loop"
    ]
  },
  "suit.vibration.on": {
    "category": "player",
    "sounds": [
      "suit/speedster/vibration_on"
    ]
  },
  "modifier.speedster.move.loop.flash": {
    "category": "player",
    "sounds": [
      "suit/speedster/move_loop_flash"
    ]
  },
  "modifier.speedster.move.loop.rf": {
    "category": "player",
    "sounds": [
      "suit/speedster/move_loop_rf"
    ]
  },
  "modifier.speedster.move.loop.zoom": {
    "category": "player",
    "sounds": [
      "suit/speedster/move_loop_zoom"
    ]
  },
  "modifier.speedster.move.loop.savitar": {
    "category": "player",
    "sounds": [
      "suit/speedster/move_loop_savitar"
    ]
  }
}